"","V1","V2","V3","V4","V5"
"1",0.242665745836997,-0.351142255833044,0.117071235401959,0.827327262860836,346.999393474088
"2",-0.194615376975168,-0.0559726918413663,0.111306581167188,1.05906068735313,378.656625418759
"3",0.453848998424328,0.0624223219101605,-0.823473808179419,14.7060801647237,715.636097961907
"4",0.484946012670082,0.0978591683585991,-0.571208926738135,14.1119094669957,710.43716446955
"5",-0.033014200920163,0.348630586022198,0.0666375601247414,15.6670532195199,723.555468906007
"6",0.301601442470683,-0.0303064102084343,0.0671246156703265,6.22531080711198,605.389979735591
"7",-0.572512607295975,0.785648667317319,-0.242945200933649,5.84493783924214,597.404576052868
"8",0.166549484593876,0.0223154781770132,-0.165042356768533,4.92263906845801,575.29644499233
"9",-0.312156084906223,0.235440607791394,0.187604534055897,0.50834973944742,284.652186678061
"10",0.0146267275306641,-0.139731005878449,0.187674994918424,0.672899342624444,320.555685255039
"11",-0.141564727215677,0.39634118819117,-0.545575769840318,5.16609254075469,581.514838259176
"12",0.177658193719402,0.000206144196466011,-0.451504212425103,5.9258942128376,599.034853547435
"13",-0.50133669586392,0.633528589551685,0.0250380824493119,7.04385420194919,621.162416944332
"14",-0.278545927313927,0.421739071477744,-0.285757354488574,5.55023096074006,590.646404803651
"15",-0.328261153525636,0.361444726000079,-0.164029660067958,6.28551874796366,606.545475227547
"16",0.690011370136384,-0.606487807699229,0.571301631996,5.37436230648315,586.51902058274
"17",0.150439371617725,0.114243773541216,0.499255619065617,4.89402033748714,574.584183017992
"18",0.835556844328118,-0.99999962129087,0.0803930340611674,3.69340451412118,541.009547529772
"19",-0.535102870418148,0.604934369124378,0.124581342086091,3.69304763538529,538.484843880037
"20",0.111246566554603,-0.312461182641977,0.0952433057321976,3.33688766962256,525.537625625347
"21",0.711471316540161,-0.999999140780103,-0.0698607188331887,3.42714591047755,532.026331240785
"22",0.839437769681679,-0.427806244735268,0.532541977149796,7.64892472874827,632.204530993397
"23",0.723437954003765,-0.999999770659153,0.0440894683353673,5.34742405948029,588.92487596986
"24",0.853136709744007,-0.999999462632194,0.03609335757454,4.79029499175253,574.182885916552
"25",0.88080879956504,-0.450184563383611,0.59637857057156,5.02598390049891,578.631482555394
"26",-0.359822145273254,0.71413354683643,-0.203078721451743,12.2960712823962,692.694043791679
"27",0.890568912211399,-0.999999781988965,-0.0329872985669359,5.13302315203271,582.746469904604
"28",0.849462787176848,-0.999999309813063,-0.175052342095292,4.00342117449086,551.238526422814
"29",0.831997791537279,-0.999999450003973,-0.18768479801436,4.47592045557736,565.627934721106
"30",0.830372523668723,-0.999991518190439,-0.178285155561399,4.56312854171276,568.106559303895
"31",-0.126819698779056,0.153581456518304,0.156728242331118,5.78384595699313,595.897822747557
"32",-0.31180911003598,0.504341517692976,0.152948645752313,5.12085857191692,580.367100397265
"33",0.708674595175567,-0.924455571907586,-0.186815709944663,4.15832610254508,554.159443851106
"34",0.665708771969395,-0.999999578287208,-0.192809614458209,4.2363640637798,559.326724186551
"35",-0.414203453131495,0.472963981047152,-0.149329628733731,4.12464482281155,552.627047779383
"36",-0.392360685636194,0.432398811480707,-0.218033379285889,3.92909325163257,546.406902588276
"37",0.741739594140343,-0.999999505104872,-0.260205189922132,3.84718675609284,546.702705048135
"38",0.671362517312738,-0.999999184174804,-0.0533456274965035,4.00507120240518,552.120568341198
"39",-0.847353927097036,0.999998783029192,-0.0596519339334049,4.0908621191258,554.017827395515
"40",0.778700970264224,-0.999999742171251,-0.0602343712276098,3.34867510483158,528.773330086005
"41",0.259649924185366,-0.396286434606554,0.0376149414895047,3.89508674265986,545.315377167686
"42",-0.449634991556936,0.554397195257826,-0.0376775926987633,4.95297836325916,576.066533242799
"43",0.756982281379989,-0.999999804138215,0.0133656313315401,4.34515349758323,562.216815669893
"44",-0.753981286103444,0.891230139499993,0.00849822115674707,10.7562046118676,675.502505321503
"45",-0.46699100141659,0.32987411010413,-0.0412010587592325,5.20782741387197,582.495721635103
"46",-0.420347663178805,0.505241771786076,-0.0464505638935602,5.41833032512823,587.552777036358
"47",-0.728461221976703,0.925470832460517,-0.0450296011481958,4.70653634934784,569.969209493954
"48",-0.167216266386964,0.450599043986429,-0.117191645389695,10.2451748319257,669.178176117333
"49",0.828140510551478,-0.999998524108233,0.0367691525092737,4.04868061692425,552.80961515959
"50",0.859188418030324,-0.99999935911914,-0.0732375119707158,4.49690763191544,566.051826930842
"51",0.68222371617919,-0.894275324890088,0.00481657090451892,5.1363036372728,581.049639167054
"52",-0.68932796486102,0.785422186761554,0.28964756330866,5.00650531734629,577.467647188889
"53",0.701412544622576,-0.894766950128027,-0.170520155185555,8.46058582449405,644.895959996192
"54",-0.196849846379468,0.309362308537093,-0.145252740398124,6.92579279362518,618.975046235992
"55",-0.116150560754789,0.370626617782125,-0.174019887126637,6.05841748019861,601.907028618635
"56",-0.176689028749112,0.260094630136808,-0.155970142327567,6.13410721042918,603.430598255105
"57",-0.622087444275452,0.572491878960389,0.297234051023356,7.39727828517526,627.396568618364
"58",0.404516723830019,-0.241383660977453,0.295423650707246,3.63782298881499,536.578828094808
"59",0.854526771069277,-0.999999689812543,0.346098708987706,7.12111284988037,624.921998341409
"60",-0.511700606836358,0.601507738407452,0.289860459452462,7.7786630744666,633.842453971132
"61",0.634985877948181,-0.349636613342259,1.01706559997984,7.15571779528182,623.285445185242
"62",-0.149894501139274,0.392903569689598,0.331301696579555,7.14315643483927,622.985075927253
"63",-0.510048702441447,0.694759555333468,0.146210274356169,9.58429179276064,660.629718618863
"64",-0.368529705789678,0.420355077740506,-0.313118531786604,9.55971318421853,660.219421203589
"65",-0.107649099311827,0.323180644661846,-0.37473015703708,6.72692720434942,615.282576133629
"66",-0.027574055027146,0.0731986840083154,-0.349925068071119,10.1599626812234,668.012567159377
"67",-0.253875085763098,0.370238601178072,0.0884092587496292,11.9658733069033,688.968412328168
"68",0.333725710334732,0.0202993965430924,0.716396894721833,20.0313504544757,755.0344741917
"69",0.0340335390036356,0.334752942313684,0.154753256851247,3.72528568050406,539.729304198698
"70",-0.549921159363587,0.695863740743366,0.0118448382764319,10.9967283211242,678.198295284375
"71",0.707298442440475,-0.285603124596709,-0.600843380925414,14.2625751620914,711.753522731674
"72",0.630491238759608,-0.289692405398801,-0.57430329367032,20.061258274002,755.284430045499
"73",-0.214708555579141,0.420845674590662,-0.644288234766613,6.51323016876919,611.151930265818
"74",0.771086389374554,-0.384420814269783,1.98253809091769,14.274550260345,711.893055635358
"75",0.688338830432319,-0.592828855511278,0.978675672952445,7.96908984324038,636.947641020886
"76",0.648581693718914,-0.476221478962001,1.01576708628535,6.87253921368373,618.036784127186
"77",0.583594330237072,-0.34695348458448,0.247255754606774,15.0227296771193,718.164666121805
"78",-0.507028348597612,0.589410302541662,0.170135438669931,7.78907038176366,634.010520071563
"79",0.86550523688456,-0.999999432293463,-0.110355183686248,3.8291681245448,545.432234545014
"80",0.756788359718953,-0.374842034742208,-0.495714561060699,7.89559961485018,636.069882817591
"81",0.7911792991974,-0.535383892809806,1.00280690962595,15.8339419356266,725.023529363299
"82",0.648350177846513,-0.268969004697779,1.00824354618143,14.0547140823841,709.784053838105
"83",0.38682526014313,-0.143277975035174,-0.187499050379374,5.79663307794435,596.248544995904
"84",-0.481845977545537,0.755121224862954,-0.111946287367349,3.95336707684303,547.396922198162
"85",-0.0422885080825619,0.448784859025306,-0.132302121819834,3.83122879234417,543.364392556029
"86",0.773236293514126,-0.999999185405087,0.636028483770357,7.90643267448821,638.765452277495
"87",-0.588977616842566,0.684491963368908,0.701377630942784,7.90912865494557,635.980463161128
"88",0.141382311440503,0.162343573907797,0.970639711353996,5.17259573029684,581.692504698996
"89",-0.551593480098013,0.615942746015808,0.21065651226522,5.15086383918933,581.070856593753
"90",-0.451390556665317,0.617130957066258,0.118786452135881,8.96130869138211,651.995771100615
"91",-0.797559834326904,0.890063230754585,0.0756072818674346,9.18440651843428,655.196381822244
"92",-0.414417613492177,0.495468892584303,0.00650075863272951,8.42448399843834,644.044926884438
"93",-0.597833019005102,0.777711014339991,0.129938230677634,5.5829892877363,591.492913237151
"94",0.395233010812634,-0.264688698316376,0.217230256416582,4.8676273772658,573.843398573969
"95",-0.288282186869855,0.512953200437208,-0.0197483053399394,13.8879199602492,708.090797928299
"96",-0.0410616023583975,-0.142324837404546,0.0468405723524195,0.481331660821868,277.688633924539
"97",-0.326013598996424,0.654670598716137,-0.096308331176291,10.0532017671843,666.850205745635
"98",0.804227565510064,-0.999999504594753,0.0282769286793836,7.66387343067291,634.623065393192
"99",0.783394511042979,-0.452135075212218,2.22990442942257,7.15951861422154,623.514255330598
"100",-0.193358048197003,0.437421815552628,1.11106847856607,12.2862904014838,692.407957262628
"101",0.968396859054475,-0.913030028491668,1.24352147334407,3.66152985411666,537.636465798465
"102",-0.203929285728566,0.00572433353939924,-0.203640159865772,1.85043086560201,450.062007408537
"103",0.195878483883446,0.128708930553123,0.406437535625291,9.58458447620641,660.653861652301
"104",-0.00279106061199078,-0.0032800670145073,0.132879658435343,7.09928914542235,622.127617668987
"105",0.731809504761995,-0.358056439185655,1.90992697178254,10.422449467631,671.571800488078
"106",-0.602664878155459,0.745350955432698,0.264397246416456,8.35000974680318,642.967356074525
"107",-0.89334896632871,0.952071771317327,0.0568364099387621,8.75630036309775,649.14692470314
"108",0.757490824367456,-0.999999511736254,0.0987471204816255,5.57998329675949,594.230482923138
"109",0.209909162987984,0.101211468946385,0.84826490974435,15.0751479794271,718.61575604864
"110",-0.223019081246944,0.278377511733047,0.234907940436674,7.12489027066994,622.591827924834
"111",0.696241300652643,-0.930223541403643,0.233965661702801,7.23023851148206,625.048695687062
"112",0.0361174790281449,0.200951332118773,0.0459085020627386,8.89473349083737,651.044050467244
"113",-0.244856170227594,0.432983828241082,0.15811582539297,6.68946739822161,614.561944353485
"114",0.213436487255511,-0.0997162779818471,-0.208733482992596,10.3963214899878,670.967718524565
"115",0.776556475111458,-0.999999299041643,0.191342033921141,8.71226503075522,651.172865616283
"116",0.226486133759515,-0.0542899998981441,-0.168609665224156,7.64623538411283,631.658448122808
"117",-0.119465145424543,0.292070950833718,-0.327584885865761,7.61150530263287,631.077375823021
"118",0.345384397123085,-0.191419743427533,-0.101547143939907,6.46101225857681,610.096429228877
"119",-0.117585647444385,0.34719406719257,-0.0907293150915331,6.95787556394779,619.611171890404
"120",-0.376568828025496,0.512144052012826,0.0237856409141448,8.38695569023545,643.491617285959
"121",0.620420875165314,-0.326441011690363,0.851449215602902,10.932358529985,677.535391072153
"122",-0.0135659607709296,0.194998632258417,0.0105151953685287,8.77765526973372,649.324709874363
"123",-0.207889435287249,0.287155669230125,0.100215039692989,7.35498243478922,626.66377574863
"124",0.780399126239799,-0.999996962647321,-0.290263127509688,6.37835278205714,611.241003665381
"125",-0.471380703560289,0.630835422181896,0.103539147900455,6.48586103999816,610.613085406422
"126",-0.104456463894704,0.226463458831328,0.218437054491887,8.00173536112024,637.460283581087
"127",-0.0725131787542239,0.174554179045925,0.18214242916611,7.96959760948863,636.94015542995
"128",0.791193794139817,-0.999992322719398,0.0894479734590667,8.06245977542083,641.178941448341
"129",0.13023337985194,-0.0589569447456256,0.148573070895205,9.77822044616375,663.113598263104
"130",-0.326117129859535,0.549731140580488,0.0141948618573335,6.85963610548421,617.80916108007
"131",-0.222226380691663,0.0268594291593115,0.140933278317029,0.476416036849434,276.380294574027
"132",0.236172232712005,-0.378661528052021,-0.125375317757967,0.51989703810467,287.545121580713
"133",0.425055052508481,-0.288551217505711,0.0598241455342836,6.16618596037056,604.115071948875
"134",0.788207363396525,-0.999995249985809,-0.00185716889846491,4.79951922255909,574.800219831536
"135",-0.585178024551863,0.738025367371515,0.190699985235343,6.45165782853521,609.958551699231
"136",-0.0578357147840265,0.254451621161398,-0.103712534739236,9.32635975172192,657.093031219969
"137",0.442265813708899,-0.251659038818677,-0.0310745787271889,0.820616072466574,345.98976821454
"138",-0.0035140302465951,0.160942912841822,-0.0155918382429434,1.40196491183423,414.521358832309
"139",0.000379045011922456,0.000505231206392424,-0.140622809563198,4.1364714638457,552.9881847705
"140",-0.934376866408296,0.986474909246216,-0.110377461881202,5.4477613068238,588.806278635684
"141",-0.59267042643967,0.723783603314851,-0.0708808265600902,4.88601980090719,574.358811290407
"142",0.712417316060315,-0.448501482816436,-0.135761741609387,2.78479578851607,502.505617360511
"143",-0.657104427634296,0.852324946730714,-0.0399596635019246,2.56442833010279,492.009712425634
"144",0.853118953152042,-0.999992327308068,-0.0188062131909684,4.29729025905674,560.280351689235
"145",-0.173965446001306,0.199630004388467,0.0383255668269404,3.67575182605913,537.873956021432
"146",0.825214567274923,-0.999996669112224,0.0885824461164364,4.60929964240614,569.426118564072
"147",0.936647619704754,-0.999999658342971,0.0736426362559138,1.34916831208496,411.228919407415
"148",NA,NA,NA,NA,NA
"149",0.779316805627188,-0.999999444038192,0.0276951754064691,4.04943943979293,553.092096124297
"150",-0.148542802773068,0.390227123170051,-0.0222366612292366,5.41257602285067,587.473169310079
"151",0.156935886964575,-0.0912271855204357,0.163206778656629,6.21866923503215,605.1798779909
"152",-0.330414145171536,0.659385751037176,-0.0559737144809536,3.70347350962343,539.029666886221
"153",0.77166289062688,-0.999998217251202,-0.03528919559961,5.3972096804484,589.902974691034
"154",0.637897275177713,-0.219971633236033,-0.294325347143172,1.09714843239706,383.385340866797
"155",0.738914127903293,-0.322915266422206,0.03431512056184,1.12566093314852,386.754226220679
"156",-0.161355864420743,0.430168928501305,-0.118011413960967,2.30479161932401,478.214148713019
"157",0.551904654016116,0.0534507523098595,-0.12358855484781,0.670206285510214,320.450812958046
"158",0.551418658292442,-0.609854310890976,-0.079066109630841,1.48660368615494,422.007292772851
"159",-0.567070982010735,0.675931436150828,-0.0878880392361075,3.22650220211715,521.218946075577
"160",0.604882022792483,0.077272157781534,-0.216977008702568,0.676728148903167,321.818974364175
"161",-0.300539973954545,0.436282421836355,0.0629632108869274,2.15489552078573,469.543980891988
"162",0.57951698719004,-0.120777468000338,0.0764658183171872,0.290394617151712,213.253205659437
"163",0.612793955640414,-0.99999903134789,-0.103258471428755,4.95308785437181,579.506859326938
"164",0.140570008289851,0.0057808390507053,-0.0856940641303961,2.49198130102848,488.143876703371
"165",0.826450830506993,-0.999997728403882,-0.042888084490877,3.66617810874472,540.116514904192
"166",0.608145461766481,-0.671163290879834,-0.304534682789069,3.47607730395005,530.735436126708
"167",-0.0218154342607091,0.442309476163723,-0.234954895975566,1.43195617179322,417.404361033774
"168",-0.594243514172374,0.897387605757063,-0.108751051322315,3.65572882651094,537.722012246152
"169",-0.208036670283073,0.349339323634185,-0.0955100447192323,8.13170515833303,639.530398637037
"170",-0.671483273275089,0.841747476974591,-0.00784364209892028,3.68289801698643,538.288334981911
"171",-0.783305853721306,0.894416287556901,0.031998474483748,3.41994229384814,528.788275446938
"172",0.735140031516323,-0.999930514397105,0.0756349477867708,5.80981620416359,599.483950722017
"173",0.0511496463078777,0.158343331259065,0.102486137552372,5.59068168820441,591.593366788144
"174",0.651324146630839,-0.193695501934878,-0.118421380017283,1.01947510531452,374.037676987701
"175",0.288378272984074,0.0196389294391163,-0.309203640735009,4.32188232632294,558.699221679107
"176",0.748489633643634,-0.999994679211547,-0.0903570062475722,4.86193943357587,576.637468550156
"177",-0.842264758715072,0.952381726506414,-0.143162346598927,5.85284723352429,597.785840910943
"178",0.0634944257706339,0.134432598438139,-0.144084994240043,6.66945452151086,614.172414294311
"179",0.713591699793539,-0.379688198848548,0.0700288424480539,1.77067286641183,444.617712329727
"180",-0.562508132402509,0.77764865185796,-0.00900675844227635,7.50256182804109,629.35768283612
"181",-0.153533196217604,0.307482552662181,0.0472951268992118,7.62245990529832,631.255408438269
"182",-0.115102029910924,0.23006498534136,0.0702572588879596,6.18433297913913,604.480759772546
"183",0.295827414366799,-0.166422121556217,0.0552985032863416,5.49613302150305,589.384692123493
"184",-0.932690541670977,0.871956345486011,-0.0764413295129834,1.59450467631243,431.080153601994
"185",-0.534373947516247,0.715090195470262,0.0868465136778805,3.180203258438,519.426665774618
"186",0.174723386933284,-0.0135451200843067,0.0763244587754379,2.35199096857875,480.748273372678
"187",0.593019765754331,0.077414597040111,0.507962810233649,4.85372867661061,573.985049060866
"188",0.647574431238384,-0.999998934755561,0.192021345984989,2.74828144745206,503.9987112426
"189",0.575084981579635,0.193880696140162,0.0604320953234311,4.43782587437958,562.640620223876
"190",-0.256169490725341,0.40026519608778,-0.0390336150862596,2.35930012686579,481.145104090449
"191",-0.178652894478669,0.252639541693622,-0.0154722756437033,9.08812621072473,653.746286281453
"192",0.149510208957217,-0.108241044875879,0.147580506681488,3.49528477380695,531.43112683342
"193",-0.54346443127984,0.642452584658464,0.141564745818706,5.03448824945164,578.159588729553
"194",0.68888074658342,-0.410376477868684,0.199165995997761,6.72643094506723,615.385387727481
"195",0.17327036204516,0.175391806938742,-0.398048186781552,5.46554467301762,588.773231680448
"196",-0.03520600114062,0.244964440375674,0.191500780427022,10.2140878151881,668.736359444006
"197",0.796769335067244,-0.999997215930589,-0.143615854613598,2.13586813444597,471.123091781536
"198",0.485479883566496,0.0137367040874056,0.137869239780134,6.59256144917107,612.931100391486
"199",0.0783388299706699,0.160979378882924,-0.0723169336575176,3.67867491838637,538.032474780038
"200",0.551023665351556,-0.117672039970983,-0.0622254368253224,0.682837557730246,322.658222109114
"201",0.842860840672901,-0.512921857335054,-0.171323327782365,1.43610469722292,417.988056044552
"202",0.232599669871991,0.043346156317876,0.210949890874519,10.477514673518,672.02746213065
"203",-0.848623876501728,0.780879513912287,-0.139404050103478,1.71745844258384,440.517662032441
"204",0.0430327575994119,0.0472656331004519,0.303006652536425,4.859273465626,573.610201944917
"205",-0.922247761712113,0.984777696009386,-0.163335519568445,10.7190973551042,675.482264389354
"206",0.10001751408135,0.00266105384478859,-0.274753491081852,6.36440175865438,608.151048201581
"207",0.745778416580763,-0.583862050155022,0.48325954682716,3.2704377376307,523.004348970417
"208",0.665672832017711,-0.336258766592777,0.532997728048831,2.61445791221548,494.462138287591
"209",0.668466557760535,-0.426683855094389,0.521273695628729,3.20913685379597,520.618036531356
"210",0.625842616509933,-0.337019933468563,0.511426598739972,2.77681608214742,502.119142488237
"211",0.0215389716483509,0.0212079283258958,0.0160128049871495,3.97672914353338,547.948928045336
"212",-0.719793737385534,0.763258260212816,-0.0162489804454688,6.24059085930164,605.635194920037
"213",0.4702272286842,-0.317163915121195,0.413020387527858,7.01666785085073,620.662081288299
"214",0.716259098054597,-0.49416229839997,0.521705424401003,3.72195571248024,539.597938864733
"215",0.595081926968468,-0.287712147701768,0.514552260380686,3.46892705417868,530.608436975905
"216",0.509124149829756,-0.0583219525656258,0.270409151373852,2.9192158527724,508.619745262518
"217",0.640038380201993,-0.31769178659192,0.282185540250625,3.53640515726189,533.105225106332
"218",0.57600240819941,-0.193602084005328,0.240231252912731,3.69822113714689,538.858174204011
"219",0.566199808607636,-0.211816761067654,0.271720684354756,3.52271257854164,532.606786408053
"220",0.573961481460524,-0.205947607182518,0.271372729403921,3.43246997527896,529.299495177378
"221",-0.855892172011243,0.999975237175018,0.675778483530962,11.1985772133586,682.858137796954
"222",0.601489734194939,-0.211909446342006,0.264409758367672,3.4350168407258,529.425394707488
"223",0.676089219552276,-0.520725293196996,-0.34191990641659,5.23413056586284,583.173173982109
"224",0.696351593892289,-0.835787283387642,0.373223462862634,4.16471992121946,553.977307882954
"225",-0.0031463673696538,0.256219594261074,0.361470384251587,8.9456503633074,651.783993897324
"226",0.150052275927718,0.134223162757722,0.0600996371908025,16.3706868005668,729.152118563946
"227",0.361496532127046,-0.123217930484258,-0.0301566088244453,12.9174268768415,698.810373556895
"228",0.556072871740947,-0.215916116062147,-0.071038715825728,4.13815161376111,553.202020787732
"229",-0.165778158989525,0.372800077021903,-0.157481669531089,8.75488988748889,649.00856600161
"230",0.969351249717878,-0.886997502037729,0.506397511005982,2.89615599358305,507.784733671355
"231",0.0581638970880647,-0.275705941335403,0.855623118373477,2.28296495130256,476.959181146772
"232",-0.0437855815342892,-0.0430849367001438,0.727623056339779,2.50761758725045,488.930452146558
"233",0.317733190363292,0.121968441573526,-0.00131668411410873,2.39746183756011,483.370274873645
"234",0.72110688972442,-0.521951618217022,-0.0235389943142892,4.29915396194424,558.0333719996
"235",-0.693049087099198,0.819893588116139,0.0632922813151845,1.87601579612897,451.86975659895
"236",-0.437297544722202,0.590373418348753,-0.000631562564134472,4.22537865665085,555.753713974914
"237",0.220048044241175,-0.16722274141871,-0.00712846034873164,2.37571216389845,482.009324959625
"238",-0.926871195589267,0.96991622148239,0.0089165209682551,2.96547993603052,510.589562382706
"239",-0.148100932516418,0.326506049008366,0.0101123449783491,3.27491869025048,523.129551403612
"240",-0.173740524726343,0.299375653346285,-0.00143889902911848,2.79766602219128,502.950529132941
"241",-0.0085321715242127,0.106709712472126,0.00955607509172337,5.39279229031504,586.946070350099
"242",-0.216825983436991,0.382524105692696,-0.00254308623592143,4.31226456215118,558.348743992124
"243",0.801776578798863,-0.999993997583308,-0.0364824349333148,5.33135756920396,588.1825539222
"244",0.805809680855618,-0.999998254956708,-0.0232276942214275,4.64076717275793,570.40487831856
"245",-0.178753886896153,0.362443690324053,-0.00117004505401682,2.3391749640111,480.06178813424
"246",-0.304435336859694,0.424003712913508,-0.000864992102741956,3.12197917606229,516.991088400846
"247",-0.297231140426435,0.320824323221706,-0.077836927262464,5.02205991065016,577.820489265472
"248",-0.324963561871813,0.354344780031212,-0.0307336312014315,4.79131703444048,571.80044972591
"249",-0.0888618586979488,0.380290239356129,-0.297234697828019,6.58685309991387,612.633338145895
"250",0.8712862703916,-0.99999927423142,0.0108708595696522,4.75234683409977,573.036728710636
"251",-0.140748820281928,0.18614553929073,0.0156098898671839,5.14507245938131,580.91949005108
"252",-0.373540951000911,0.462964088412037,0.0155104467714038,4.3338290510703,558.965810266647
"253",-0.235295824267387,0.270623403016032,-0.0313473879797672,5.8505796759067,597.366904593054
"254",0.739361744075366,-0.908748880579218,-0.019437737199479,4.45857729716102,562.89642666379
"255",-0.444851370785472,0.61116704483747,-0.170146553123604,8.33691384105543,642.750566831041
"256",0.442186755226505,-0.245090095200295,-0.169197001669539,6.54846512291332,611.839891679723
"257",0.684452115092954,-0.354611875019877,0.334426072907857,3.28636381360051,523.750687989935
"258",0.712961253241261,-0.421576017022719,0.26959404377073,3.84331938394139,543.769950655982
"259",0.30643003842529,-0.0346845086110243,0.699631615941157,3.19433103708398,519.983046670502
"260",0.436932567511076,-0.115516133043174,0.716397099147387,2.9486251518878,509.781354863843
"261",0.36196360936428,0.00696134953122471,0.689201853407605,3.0544080704451,514.316763080025
"262",0.427436887219495,-0.0960230387039926,0.703901709358968,2.95977860840149,510.27011212129
"263",0.332861178716321,-0.0576102884387631,0.690866829191614,3.77576945754835,541.391629787521
"264",0.4823711810967,-0.054775793849974,0.696539831689039,2.33057338585652,479.765201774777
"265",0.435744876438336,-0.0379427045297071,0.707305186934075,2.58726814381635,493.104053282266
"266",0.401554686763633,-0.0839543121317562,0.691655117889149,3.26530180399759,522.831669494839
"267",0.346934418507879,0.0202578693083651,0.696793939122112,3.19584169715639,520.107791995822
"268",0.440459044900092,-0.155450797837983,0.772698774354249,3.70566938357707,539.009130613827
"269",0.374582688069968,-0.154000066206644,0.694622063717096,3.64331839835081,536.795168322683
"270",0.492754032718828,-0.24497588212925,0.716547223602656,3.35120155780203,526.123829203001
"271",0.383270132003977,-0.0572549323690135,0.702345394667444,3.23614229257377,521.686937061432
"272",0.341485929972862,-0.082984991101834,0.667183604334521,3.71622023148451,539.348178221791
"273",0.393099047152888,-0.0204285001114151,0.702019980846745,3.0437301748757,513.875140796861
"274",0.431009416240072,-0.142462422421992,0.705873878757981,3.33057014310466,525.349911196803
"275",0.407974251994569,0.0470688260358272,0.706740141466498,2.52654011863572,490.107482824666
"276",0.366168198604504,-0.137758099423539,0.707362042302723,3.82053316642391,542.877785387293
"277",0.410173576767849,-0.13465406295601,0.707546865763759,3.251437413111,522.261584980311
"278",0.167398685070344,0.204541790120929,0.00828849028729444,15.6781416785692,723.676997472936
"279",0.507066282954611,-0.336913025940243,0.331829134845994,14.8047862152648,716.244955161735
"280",-0.0972866298768521,0.330510299572149,0.295385344614436,3.66101331941887,537.418802593889
"281",0.679610450458661,-0.442030925510281,-0.209374094283105,1.81078261713989,447.371970746251
"282",0.634510671178519,-0.534794119307212,-0.169734712727555,2.93603230373408,509.134875284338
"283",0.556529919252708,-0.448143034449556,-0.416641710055665,3.20265190592911,520.258672663051
"284",0.296382389865953,0.0392845753140307,-0.244520212432937,13.5760961592758,705.22866179071
"285",0.696567178367261,-0.548114805228103,-0.216440367626907,2.31625114528248,478.821258376526
"286",0.803518887926183,-0.591223309352546,-0.0683730392725195,5.11271605380357,580.288397660033
"287",0.145953617835779,0.126764485954178,0.0187472165936326,12.1060396614988,690.516834824215
"288",0.628669567327149,-0.407661176753858,0.0153908851352177,0.0863554819511101,57.8324954626181
"289",0.821389906020592,-0.999998373489457,0.0287161126441557,1.31172075436746,408.586088704142
"290",-0.042924962792138,-0.0430117918537519,0.0156462437289907,0.0928080602757952,66.9712609572928
"291",0.430001115634498,-0.0520007689916103,-0.00249209437666409,0.594559918921751,304.858665816158
"292",0.584339172564833,-0.301873646416587,-0.00929938342864244,0.201580408930055,166.372834653882
"293",0.809978540686,-0.999976911300102,0.000237135541415229,3.63007857741144,538.939733888389
"294",0.378776689841548,-0.196260820933106,0.0310591915306328,0.0742167041969266,38.3898659506185
"295",0.278944834613443,-0.212253569829966,0.0313769210939667,1.18073450220071,392.518800480959
"296",0.501319972166373,0.0147014730351722,0.00768652806900266,0.177645545093831,150.373088487004
"297",-0.00336744640644342,-0.00376778569582538,0.00787589436133662,3.33570657115116,525.447934271447
"298",0.279904484809219,0.130225110748725,0.216954875414689,0.368285256422967,243.559680019397
"299",0.326842807084631,-0.0848251592083903,-0.245919727130932,2.68131328639995,497.559486253522
"300",0.649223467161642,-0.999998570028093,-0.144183397491637,6.7314051927502,618.656615673319
"301",0.315572026758327,0.0586229813605665,0.150698276125546,8.73633317939047,648.832060122215
"302",-0.263754761720742,0.529716651568875,-0.0755638521407484,4.89799248929557,574.71837726906
"303",-0.74533333882698,0.871029769616336,0.0175901016963187,6.32195152692171,607.421259644919
"304",0.379954515686068,-0.187113948434453,-8.67303095979367e-16,0.0748103447652314,39.4140330894194
"305",-0.0746442055322254,0.080075891306313,-0.00780828557447319,1.69520039093817,438.806817059031
"306",0.35217554751841,-0.0111153915019596,-0.073389909599447,9.31619422402145,657.037501902491
"307",0.466356173436379,-0.72514054915801,0.0215708373619287,3.64526512750387,536.973117810671
"308",0.442288335949119,-0.104859079511299,0.0541191694046596,0.263660811402148,200.746275993128
"309",-0.431783315147711,0.502464518737402,0.0616051175278714,2.2324593165562,474.053733302601
"310",0.743830486738932,-0.999999513568172,0.058384647878254,3.74752739443438,543.334370209611
"311",-0.748226140480164,0.806280939159503,-0.169995735700671,5.18220971313013,581.859550185638
"312",-0.136973397198324,0.420175959586707,0.0234798046836183,0.497211966751599,281.904330256041
"313",-0.451451855865367,0.715355942611899,0.0166561480709846,3.74526937458129,540.436232490604
"314",0.565960557849251,-0.262290612958703,0.0693041320172504,0.276950329558571,207.042887815914
"315",0.632073724787429,-0.999999483584852,0.0668547946004955,5.86950483552297,601.175168032967
"316",-0.448519527097971,0.585103921984644,0.0777285300185795,5.61036769563865,592.034039869861
"317",0.402265666277949,-0.0801900862065121,0.0619792437635928,0.21855306686642,176.712674006913
"318",0.461453545796283,-0.737195420405298,0.0230186489610575,2.6615224879176,496.739191633532
"319",0.622776806757806,-0.999999470998657,0.0654078593522972,5.76081088892895,598.812241474346
"320",-0.501053130968908,0.702208885680592,0.0854927681250931,4.88718552392567,574.436464118968
"321",0.447280041251217,0.0206052590166978,-0.670902542438167,3.34803085407248,526.161918372364
"322",0.0285179047163474,0.281078223573982,-0.685183625846328,11.5295765178235,684.296543776733
"323",0.786437865334783,-0.999995014370835,0.0646804026706008,2.89374943863805,510.045699871347
"324",-0.211243808631757,0.367051233185069,0.0146062505259892,4.06682839514383,550.843727070926
"325",-0.163583099192682,0.484633895104756,0.0848936573167071,1.21369336922373,396.16741841652
"326",0.220459225842621,-0.264137757857346,0.108664197392455,5.61724651390846,592.158142615536
"327",-0.450981814661993,0.699758387057679,-0.32301757212466,15.2481662506439,720.120751321932
"328",-0.0033975993727937,0.207795754092769,-0.318116445951958,11.0160280948316,678.407970467707
"329",0.810377527605139,-0.999999019231827,0.166255722050867,3.44155783828186,532.114152345733
"330",0.129473818478438,0.0850166854122623,0.132243315180792,3.06311613232529,514.581709677212
"331",-0.226103270764807,0.475244526240369,0.116245950588607,4.56562158350728,565.704381645272
"332",-0.630318613693182,0.758869408488561,0.273210758746223,5.42179333042073,587.685518998991
"333",-0.804323849306802,0.926909859560804,0.135923294581744,5.84455656546189,597.497700521908
"334",0.143043719221425,0.206113760609707,0.139213456572063,1.5083885400484,423.983825719847
"335",-0.0844619833528326,0.16940137754134,0.124926207697284,6.51446841726848,611.130996419713
"336",0.569555166541493,-0.167676581540368,0.153705827133813,0.457551995707504,271.389490446795
"337",0.606675577084606,-0.18759263660075,0.153146983385248,0.382440646868936,248.470128341353
"338",0.30480484657184,-0.247310737739629,0.130764164425224,3.71090862596826,539.095563715711
"339",-0.358601311375386,0.399976116829353,0.1559885472018,3.34388914057529,525.763821901423
"340",-0.477369930770307,0.514623517962646,0.124644949436468,4.67916475245919,568.770018116555
"341",0.487115225215335,-0.345577487872285,0.137562876913633,1.33543704853926,408.302758343044
"342",0.0827038384355756,0.038483965940513,0.131712246357136,5.30122837232385,584.759101417592
"343",-0.0624385700493176,0.306842448462616,-0.338146219614144,16.715913433712,731.806594584603
"344",0.145783074167986,0.373010019787545,0.306566872385873,9.11037458488041,654.330438704722
"345",0.65088585517291,0.344092246660278,0.157217466358741,2.76281197562175,502.409386959553
"346",0.0488285548650471,0.0306193287389582,-0.141152791793861,3.97052524993184,547.753571531769
"347",-0.0554463564033046,0.170892929657557,-0.140234247417346,2.6474180986219,495.880804149311
"348",0.109842168955985,0.0820385252563252,-0.237928707582283,13.0017728636949,699.616070563333
"349",-0.685804862686203,0.763702029328249,0.150349870695579,8.14099852242035,639.680225654717
"350",-0.010506951695535,0.115058203753245,0.156737485023652,6.82175488579556,617.034226850484
"351",0.679978668684186,-0.999999508581101,0.112722478337549,8.11331739092965,642.451151557405
"352",-0.41320698528851,0.633775777833477,0.147021302940611,6.79861254061336,616.681777310461
"353",-0.410875775086711,0.536936292068726,0.151844219863973,7.85173057356463,635.048720939388
"354",0.133272916844679,-0.00113720866149278,0.150344180419427,5.52708815198567,590.10250757811
"355",0.461654124166046,0.0405107813735993,0.115574879333574,0.525490938212497,289.168592108653
"356",-0.720731741826689,0.863966803327933,0.165492097935243,7.45154302354989,628.481783881532
"357",0.188919463973826,0.325562472524396,0.125492630190585,1.40503013092791,415.04354223716
"358",-0.138132226755949,0.267009719343058,0.0722993506485516,6.91584366495126,618.794647862697
"359",0.308775055007209,0.159239300661921,0.131535127911115,0.731850262222482,331.511187858045
"360",-0.825055120487613,0.948045160661118,0.141462472826261,7.44381889113914,628.577385587969
"361",0.79103369108736,-0.999998663794477,0.0331583674070898,2.95935688378039,512.892975236415
"362",0.422312580670654,-0.337122512532852,0.0160712900003117,2.0748637007181,464.684799899305
"363",-0.270241366501305,0.35002655885753,-0.130867549624375,12.0940221042356,690.323105122573
"364",-0.355444109626999,0.483263624639214,0.0145446680142401,6.86923656833688,617.935150953996
"365",-0.109697029760561,0.339290405139562,-0.208904399215554,5.21298926674076,582.654454149387
"366",0.830214074472073,-0.999994430079652,-0.169397721877056,5.46213798303276,591.12634492858
"367",0.797001239811993,-0.999967325860139,-0.180835475800728,5.35464889786966,588.761850289456
"368",-0.733752222039437,0.814235214511594,-0.189835464183653,5.91268276382467,598.757814994133
"369",-0.180523421538676,0.326401019696111,-0.170451020651279,5.54989367572923,590.636268974928
"370",-0.478246099118921,0.686531126611474,-0.192657491305109,4.74557344763451,570.672541634859
"371",-0.573447355706748,0.673016259438456,-0.30308790974046,5.90536646792297,598.585181466697
"372",0.81090803876917,-0.999999525288909,-0.184853253659489,5.43354803494859,590.564855050096
"373",-0.0252683361662758,0.17743506826967,-0.140552443860464,10.0711896473454,666.910796709634
"374",-0.39664080782189,0.515627488594843,-0.134414171937523,6.85761103678089,617.716861616567
"375",-0.500676192338326,0.606449241328273,-0.141352712322051,10.7999053153939,675.852389287297
"376",-0.545666495838145,0.624423703689236,-0.202624636150428,10.1329068785512,667.68353218572
"377",-0.118548929954622,0.259437658902048,-0.133897272617342,8.81029775381941,649.787538567753
"378",-0.430685521946002,0.56433782943599,-0.133470983859236,9.28255651275155,656.481472237024
"379",-0.314694924638147,0.57293410665199,-0.111328658032382,8.79638467341216,649.668415846431
"380",-0.383538232114916,0.618527543384542,-0.140778478551036,6.59308269496442,612.758675322232
"381",-0.932567557912696,0.999998873302947,-0.136895387544056,9.39016690717692,659.623587974572
"382",-0.564372757181707,0.649436742110921,0.144368106717364,5.77124098918118,595.636013630271
"383",-0.178424541072594,0.294667639807896,-0.163971480909714,17.3599301587955,736.596512560187
"384",-0.239876723903632,0.393946141388437,0.132565151942488,4.43908967825484,562.05515621362
"385",-0.562267279230318,0.694295883739943,0.12421952709785,6.76142026655203,615.934124727393
"386",-0.29425323507656,0.473254459906604,0.131883216855554,4.71381324224297,569.756115236071
"387",0.390906860610397,-0.232873935358644,-0.224498904935859,6.22268062954882,605.288658228312
"388",-0.348203772507014,0.464933992086932,0.134508965891163,5.65144838319027,592.952572044638
"389",-0.338698546980839,0.495828582851001,0.146441879312147,6.80903118266557,616.820558200852
"390",-0.803375158487563,0.896701365564514,0.144593718820843,5.7840816993601,596.020405299009
"391",-0.316097978364841,0.394242116040875,-0.00845879010007587,5.60957910144142,591.989153678501
"392",0.167565217649151,0.118743609365804,-0.0975311376844774,6.517760795745,611.270301325996
"393",-0.0543383600724047,0.17795312504941,0.187445411930236,6.01189628437857,600.862715820612
"394",-0.392874473168522,0.539599657947152,0.13130158254957,5.47383992532577,588.881036593771
"395",-0.175292318379503,0.218772320210598,0.12495226051882,7.59433313814088,630.757809060087
"396",-0.175246319102262,0.238080567684459,0.133152039994817,6.07412845325035,602.169503045097
"397",0.733098486554596,-0.999999480843868,0.18384243662096,7.65822697091457,634.858829641441
"398",-0.0455249678465629,0.12972827922929,0.174379031688121,5.75789588074147,595.328695069795
"399",-0.634970817827327,0.746842257178239,0.117612169997354,7.84181801096647,634.906843084105
"400",-0.158835796859843,0.504542667973788,0.0405856453616618,4.17401700976673,554.29703284077
"401",-0.846419386904029,0.938731936761785,-0.0389475375195861,6.6960046127268,614.867207756556
"402",0.0409523158221929,0.0958892412682812,-0.0707208385235221,5.76812355590222,595.567411719415
"403",0.230498437235231,0.0201127717952834,-0.0796302506225208,4.64989747686589,568.028694514214
"404",-0.272488134373295,0.594414848893941,0.0653095160833518,6.94941545645918,619.556094109095
"405",0.102051781124028,0.064475999297078,0.0546493298540572,4.86631925905878,573.815261275928
"406",0.711510517479756,-0.999998076859143,-0.0119588502122493,3.41492460241396,531.568775571075
"407",-0.088193022636667,0.302938830851964,-0.0713196875885177,5.91216602546686,598.755741769541
"408",-0.333574817602552,0.463030665865974,-0.0215661346849522,3.39251773451568,527.63324384298
"409",-0.549445260091737,0.687733331156004,-0.0770190340967254,7.30884802736893,625.901902428526
"410",-0.370990289418576,0.500471294281014,-0.158482484076338,6.05961266201353,601.884544322498
"411",-0.522443644022351,0.475297801448402,-0.0698090748993134,5.23653966899698,583.176802792301
"412",-0.386702932756307,0.534407692001579,-0.0394376317773891,6.38968205964778,608.68316002503
"413",-0.0251569814604753,0.178493655359584,-0.0777492803745383,2.14575987267255,468.999474244066
"414",-0.314815157550005,0.457749662873049,-0.0733889502375524,4.88593991021279,574.330844225997
"415",-0.00144805527579535,-0.00166086085732692,-0.109462455881772,4.84736620348966,573.288019012734
"416",0.723029594002845,-0.999932910461476,-0.0576812963574494,4.51996570262172,567.399813036417
"417",-0.0266171473163728,0.127771654012261,-0.116969609989347,6.07155481365076,602.121304219524
"418",-0.215656182477401,0.383703525177868,0.133358665391943,3.26688273141731,522.813444031572
"419",-0.230183737135533,0.356541749872782,0.10191717023153,5.4664358792773,588.691629337214
"420",-0.000109285750355622,-0.00023278752383268,0.0937505707722037,3.45996056137898,530.129185008999
"421",0.839701416299294,-0.999999638277883,0.0938564093709309,4.30202703246373,560.508843801088
"422",0.82669653153125,-0.999997139630827,0.098568712582432,4.75622278556478,573.433929569573
"423",-0.333968406596086,0.379227664163645,0.0929849389753593,4.07582891021867,551.100443557451
"424",0.826046971136721,-0.999998990005178,0.149710773067561,3.44657752993069,532.212722942444
"425",-0.743245769020608,0.622056285876295,0.175458767483386,4.98799935521243,577.000873657184
"426",-0.85970013499326,0.999934227340845,0.0928630701898503,5.26326797468996,586.18231065568
"427",-0.260344065031273,0.419240209055249,0.186446606586678,4.90929090879866,574.945173006223
"428",0.00360721582819014,0.0919761067566843,0.0595927822777329,6.57666520798406,612.348996172457
"429",-0.718415062908002,0.917066269656839,0.0853211139944802,5.94024510153631,599.726377721407
"430",0.731998704697956,-0.99999943813011,0.192964857433955,5.31955740017215,588.221372891296
"431",-0.466262042733269,0.662794648617987,0.208082063259964,5.71425948515271,594.43211035807
"432",-0.789637186901372,0.876851086386608,0.149315764508692,6.91872915791191,618.913775617811
"433",-0.66382300640655,0.759595502553598,0.0691010997322616,6.5953704350398,612.741396046329
"434",-0.192356739580144,0.255796229950565,0.180367580229531,5.88812243529499,598.188684765172
"435",-0.00395404462642495,0.0699412442853661,-0.0868981218187997,6.5808692313525,612.425986084597
"436",-0.521411411897482,0.707853326523369,0.247490814330593,7.19764660614699,623.980167143671
"437",0.168615450400742,-0.131885109317053,0.289031895918102,4.82370120527392,572.662991023141
"438",-0.459365054863792,0.570758436448526,0.405229762609756,7.12822812979537,622.671347452238
"439",0.181647848798326,-0.0371085617050083,0.218142063582198,3.5461915267232,533.301567992735
"440",0.0022930080497276,0.217554763383107,0.31775311720084,5.02175375606647,577.861494999151
"441",0.247060356543959,-0.1414354341611,0.261177438626281,4.34284291206982,559.232051368453
"442",-0.266439249297911,0.356545480806217,-0.0231607645223108,7.59593209204835,630.792672258349
"443",-0.0291702010842896,0.36175119564803,-0.0295307356770497,7.30074974203056,625.829216542437
"444",0.0267508238899735,0.283411625241884,-0.0439551219157943,6.75940849550434,615.947547346341
"445",-0.335425323199146,0.439192016017436,-0.279917435739352,3.25596056664897,522.365563884093
"446",0.203399851362902,0.0120410840215322,-0.0425330491935474,7.65403310250056,631.805340598488
"447",-0.518273800580839,0.869788958862817,-0.0716019808867843,6.75949168478539,616.376603159456
"448",-0.468442220392579,0.610761803275588,0.0373775546985177,4.98532009062367,576.920513359438
"449",-0.476016248848723,0.630410642915291,0.0604021200383764,4.20859741611816,555.250716326301
"450",0.75637046433228,-0.999999396596161,0.0764050762089339,7.55470918883654,633.017555530569
"451",0.802932192110473,-0.999999900501438,0.0740552192035507,6.31084127446707,609.766127358674
"452",-0.181684232269156,0.335306495269467,0.103537834975085,6.76792023086341,616.036201149886
"453",0.0552697091826638,0.162299908139659,0.060229579392034,6.7641070237482,615.984551316041
"454",0.0965309020566375,0.00617808698110568,0.000839135754227967,6.9560795831456,619.529709750508
"455",-0.486201868481555,0.705891193169157,-0.0224255355518483,5.08704197088628,579.584068924134
"456",0.000269472367914116,0.000561071247682886,0.0625064694672152,5.93358994669438,599.168830583808
"457",-0.0160290562482824,-0.0158553533355066,-0.640986177402104,4.11659972093119,552.372802671421
"458",-0.391151936497315,0.54338810442608,-0.639994556863835,2.3370778130283,479.945729290502
"459",-0.501450993483821,0.550399090950372,0.366400301601966,3.44002301036501,529.394050313446
"460",0.882306011721038,-0.99998896463567,0.400077660941444,2.71734071484398,501.400130268248
"461",-0.520401727497674,0.789808307180507,-0.0707488581679761,3.03824305898139,513.72676932753
"462",0.0969370908295766,0.159392959047931,-0.0465973038300413,1.98902545824055,459.332640337499
"463",-0.310479271165245,0.683680951253498,-0.0551125579001266,1.93795258882066,456.191357242486
"464",0.454102909782436,-0.709215747965347,-0.207742153073659,2.49164520896919,488.257687263811
"465",-0.471646107213352,0.620851534076677,-0.210199279918388,1.34597310735411,409.324809491146
"466",-0.641647198061606,0.744289278953485,-0.0621810101541849,3.93936283353472,546.778061165001
"467",0.736268903639435,-0.999999477282644,-0.100243381438046,5.31068319593903,587.990041117753
"468",0.552613320328976,-0.167950269028519,-0.160057740243688,2.42925417282079,485.057248113725
"469",0.505847758244201,-0.322942615295146,-0.17648687851277,2.90491885718086,507.797137093741
"470",0.803399219633338,-0.999999564211336,-0.0867245803450413,3.66839001983588,540.321565977328
"471",-0.020209646203104,0.259577828655535,-0.0628953549807784,4.17491504338283,554.231944768316
"472",-0.436346889581786,0.612366150425397,-0.0539908903526088,3.93001438928124,546.494008219043
"473",-0.621011445955234,0.735536544447948,-0.0533708190683911,4.69936377174976,569.364402636152
"474",-0.530609686308174,0.692536669292086,-0.0540791029641147,3.90683893579587,545.745304943033
"475",-0.36685304872752,0.532527480771655,-0.0633015027817601,2.4938665495179,488.262378790347
"476",0.0325382632207984,0.257767965744007,-0.0430474915485691,2.74768602235425,500.711949377166
"477",0.176172768593155,-0.000624605857786368,-0.0278948821978468,5.32787802938175,585.417562688129
"478",-0.577218316254213,0.834149416841125,-0.399383979388084,4.20853594308702,555.480708793915
"479",-0.50875194957314,0.638866899074649,-0.0702237387061787,4.59912936391675,566.597110957354
"480",-0.427360143849886,0.633024685151612,-0.0698327395698603,3.13444853846861,517.565106594848
"481",-0.187682713294582,0.412876598692788,-0.075227335356875,5.6651417102043,593.304187835443
"482",0.00313917283371141,0.00296686167015596,-0.0546816519666223,3.28594595698888,523.524087132791
"483",-0.174064409514012,0.340065348075961,-0.0541514664890616,2.00933569611334,460.598825882878
"484",-0.431204797641584,0.624895926366949,-0.0246385819066313,2.97700332860049,510.958554899647
"485",0.477667119505104,-0.0644494717225859,-0.0397162336309752,1.56795907777362,429.020051438551
"486",-0.0241328417841601,0.223744912013225,-0.152867430752284,2.58702294260566,492.954371698927
"487",0.790724518711685,-0.999999521420509,-0.045329438751601,4.18905786772677,557.375129229589
"488",0.747844385312967,-0.999999591727216,-0.0504388889637908,5.57476534779685,594.15291716382
"489",0.823887440806693,-0.999999850549484,-0.0421107806204329,3.44545591390494,532.183674284334
"490",-0.18348918020751,0.443619523164298,-0.140711220902776,5.51008446177521,589.774088166625
"491",-0.567399154132076,0.833504977875679,-0.0798961541733512,3.48190980289447,531.232863160945
"492",0.313480185333194,-0.12131072767673,-0.119106448561187,2.72456228790538,499.5843858955
"493",0.236992713473116,-0.0988098373400471,-0.0935973685090987,2.71659638036181,499.189098897726
"494",-0.695443315645438,0.836064306208923,-0.0379823631206686,4.35071733864333,559.571641593822
"495",-0.516682144676745,0.539079764551412,-0.0548326672738797,3.00273894797496,511.988410144875
"496",0.225613259563088,-0.0238593844283681,-0.140045008893702,3.09530601029402,515.915788427467
"497",-0.0096323196744828,0.309769612411962,-0.142042086220023,2.77362684580711,501.923201036194
"498",-0.00584891414763362,-0.005830707110919,-0.10939822122123,5.00296837045803,577.332421441432
"499",-0.776493252145725,0.999999362573635,-0.135019340016591,3.25932683044081,525.322149468696
"500",0.834372930074803,-0.999999898800205,-0.0504745558359655,4.34962447859563,561.950005799759
"501",-0.551446942502399,0.743263133128543,-0.0388699476372104,1.46004784042405,419.803982120406
"502",0.0288756573768565,0.120163508530034,-0.132649830532837,2.72549957934545,499.609993897449
"503",-0.0809999475391732,0.353857513633196,-0.132445834598941,2.22686434635471,473.806554522913
"504",0.0252480144378788,0.0245930256797464,-0.0406228020623103,2.45352150214399,486.133864198517
"505",-0.902721367536389,0.999999103149241,-0.0258609337725184,2.84361363288175,507.038603218534
"506",0.038503428944103,0.116727995335094,-0.0219764271476381,6.5165805784191,611.189208695953
"507",-0.0890819015165544,0.318835319200536,-0.000566003114262776,3.39470411211691,527.749531895642
"508",0.79531926744686,-0.999999649884802,-0.000786517488318429,4.23171193899706,558.648691186161
"509",-0.453417855643207,0.595912076433172,0.0153086282786381,3.4413970052012,529.479452236746
"510",-0.131626390876738,0.297153934056996,-0.0428439490679787,7.24138650416492,624.694413948806
"511",-0.40465004292576,0.632784677621589,0.105411901590429,7.5040413277179,629.32356221894
"512",-0.261877511214059,0.3566050691552,-0.0437062601738973,5.27125680133749,584.029650156465
"513",0.355933796479702,0.320805769985554,-0.0937515463430596,3.743358184298,540.666420751136
"514",0.0571618270844732,0.135654337098701,-0.0242501239272778,3.87605532537338,544.702259402128
"515",-0.0385086900539749,0.202566121341115,-0.000658188219960015,4.19768271170708,554.896162519869
"516",0.801028420838402,-0.932693162694174,-0.721429480539786,3.51395465700603,532.427435117331
"517",-0.0882689069081981,0.113312053227559,-0.711483844578278,2.48522996361111,487.775649683072
"518",0.00618985024630563,0.192591437295477,-0.0288703728207956,5.4790838970008,589.00853557504
"519",-0.104022244360867,0.305267342072184,-0.025137683513944,7.38910188691293,627.293218157465
"520",0.0599241250977898,0.0400903543245757,-0.0146979005476902,4.46981989475584,562.91882821408
"521",0.0997064865573474,-0.0411442200745578,-0.0313490061636448,6.58524423272437,612.510150585258
"522",-0.32759831234808,0.507805812669254,-0.0230852978562454,3.38213096853172,527.264885148529
"523",-0.186774018687869,0.294715630678157,0.000258115824875337,2.05294605758565,463.328709167131
"524",-0.314980358475491,0.518204060777934,0.00159939500104032,2.29938195066032,477.887026408253
"525",-0.0740642614122185,0.243001405229072,-0.1579867899007,8.40302564613945,643.738061889152
"526",-0.669441004545047,0.884266114620302,-0.0178060257263513,5.92148112416654,599.231955221251
"527",-0.173062177834722,0.306226210406312,-0.0832912524973635,12.3196805902713,692.701583553569
"528",-0.717339588420788,0.792689288989153,-0.142149167265144,12.7027775427145,696.632296995265
"529",-0.678584340994462,0.868222440782659,-0.0708160744927376,4.55048101727421,565.437690014039
"530",-0.434994630664744,0.478173344904401,-0.0783992506029767,1.97366011425206,458.277128577576
"531",0.0492039896726119,0.301075373236304,0.118520107864214,16.7266726894494,731.951710992868
"532",-0.472149370223992,0.577057360791035,-0.0785766870902598,1.87312263040979,451.602958323716
"533",0.343922704264997,-0.114551524864697,-0.0773708006654665,1.12851236090999,386.782204121762
"534",0.392116446518333,0.0900384107884447,-0.0618035586073301,0.558587692251921,296.95275602573
"535",0.0670549846717168,0.459846817028852,-0.0385255936873513,0.297152118576978,216.22166115057
"536",0.383207993546617,0.0495422328381405,-0.038664860198432,0.401024860037101,254.489476073094
"537",0.342540683736475,-0.189059621156368,-0.0778073220115034,1.3022804953629,405.082535735915
"538",0.471525622580211,-0.331076247246697,-0.0622369001646595,1.06235756334335,379.019145682227
"539",-0.322286695288176,0.503013844061686,-0.327200071813526,2.56311105163199,491.77229281649
"540",-0.594396392101314,0.537923684486888,-0.328396683019375,2.53580634641403,490.360674066424
"541",0.0273830825715707,0.219023085541098,-0.0778771011749406,3.67345351214509,537.855059320085
"542",0.260634978642252,-0.139136136459527,-0.0856964433696999,1.41513177356612,415.708785544679
"543",0.46164142630938,0.0309406774222911,0.00749464912614,0.802333503147571,343.327700031619
"544",0.24581746104899,0.0343625191188927,-0.062120922365322,5.42589072189512,587.799903293282
"545",0.37013506077063,-0.217199399596104,-0.085573457589584,1.39931620375898,414.282224183682
"546",-0.697130456166181,0.801245284492147,-0.0863377930122275,2.73800942549307,500.231091052914
"547",-0.0760961458972271,0.214383526955369,-0.0938704664796184,2.90317627642517,507.691317241381
"548",-0.529593467052977,0.605540672711696,-0.0779448712622629,3.60490464018298,535.394643384054
"549",-0.28204660774182,0.459470756096553,-0.00644414826070744,5.7455894000687,595.090063216597
"550",-0.430020664204718,0.670243963851276,-0.0108575659701864,1.97725774496547,458.628190102878
"551",-0.0581258874412276,0.244657802929088,-0.00924603765013451,3.02571769357662,512.99971114794
"552",0.156238730478474,0.261775341236468,-0.0242778928622588,1.51323369177342,424.44799214039
"553",-0.0358890824270942,0.176270097603241,-0.054430383647836,7.52587844140859,629.616910064272
"554",0.451957222290303,-0.273388372713249,-0.0145462164998505,1.6510977085755,435.475026173467
"555",0.313108026205504,-0.0591503283095925,-0.0310644226871797,1.84891573636351,449.986283075362
"556",0.443846508771949,-0.0686592996630905,-0.117029371946376,1.62548134929071,433.593403919411
"557",0.647628332427456,-0.381661591215538,-0.126019007845684,1.47220301532395,420.886855262189
"558",-0.672718575027788,0.86798631738235,-0.0492555811447211,8.94407682149955,651.943940675032
"559",0.408252116754937,-0.1806347632817,0.00482453088513977,2.44044764317151,485.509782333358
"560",-0.100452527534553,0.172854446068477,0.240068621782235,12.2742032635143,692.213678057541
"561",-0.630930441263077,0.818400539559922,0.208837368218204,11.1583019215786,680.1705999871
"562",-0.0154055188923707,0.302980092883261,0.0135680720640601,4.97377695354881,576.670408404456
"563",0.23865826067632,-0.0931636257153484,0.0111515356677724,4.14831343810292,553.37649265593
"564",-0.541065052370026,0.651338267828167,-0.0859248798252417,4.13099020603215,552.847883505942
"565",-0.148199201077468,0.244146028314453,-0.0852227601395244,3.54474162915626,533.237778971162
"566",0.792516592055853,-0.999999440693671,-0.0718191652193181,3.77792307049646,544.143537262422
"567",-0.0810385890426601,0.389733900557492,-0.0650694602121471,1.39269944771111,413.75463611159
"568",0.0119741534425986,0.230180966025305,0.0186733560515639,4.32139584434959,558.646394439382
"569",-0.416925876660663,0.62695702645948,0.00868597398857475,3.94994096563902,547.166264172949
"570",0.335179126545214,-0.0751189244129923,0.0460501132331758,3.30005826362118,524.146429995125
"571",0.154943994654627,0.0133938243398569,0.0747673851016244,1.88669604955829,452.534769424164
"572",-0.110387259694174,0.208731867592403,0.0551096302959272,3.48576953801419,531.090620216701
"573",0.0651945379776353,0.172187000537374,0.0561985905445299,1.12779520579389,386.698813296312
"574",0.866668234170618,-0.999999586150419,0.045129117433708,2.1998410352525,474.478262836412
"575",0.426246577560628,0.021981922202269,0.0582542098650502,0.641412038221115,314.625256769125
"576",0.812514332016596,-0.999998355203864,0.051409219466166,4.43655821237264,564.608626314081
"577",-0.039716375499007,0.229521783653036,0.0465184566283896,1.26396965196214,401.270579177335
"578",-0.398973507496895,0.570020162224323,0.0727708690895921,1.81459025679333,447.56856356883
"579",0.860108849391886,-0.999998796237485,0.162681740846553,4.51823366063561,566.650952822986
"580",-0.417339881164115,0.540960682725103,0.267112820283726,4.30224465364808,558.043612107807
"581",-0.588258632489899,0.679286484316711,0.187895936636162,6.07377415560094,602.180982225777
"582",0.841946632802466,-0.999993682544918,0.155192069682095,5.03648489167962,580.669652863689
"583",-0.190096278621015,0.546360422555356,0.0470446348207246,1.11464574866865,385.312988690168
"584",0.498172716663882,-0.190002946266122,0.0799231941789776,0.795541322237985,342.093651273704
"585",0.0678387419890407,0.316030856988477,0.136276606190779,1.23986741777799,398.921094465383
"586",-0.154919190707361,0.322348636898276,0.172136231689164,2.94698001186101,509.619771925938
"587",0.116817499008141,0.152885990188225,0.15521256421051,1.11116101868072,384.812955950998
"588",0.163846763175317,0.167197951922012,0.162771525792539,1.60933854284147,432.263259377621
"589",-0.561580250082362,0.661348100771684,0.223468498691331,3.9315653266981,546.510596471298
"590",-0.821153267039863,0.909769917437758,0.182827286316886,6.38100823569087,608.604962817445
"591",-0.333364536049782,0.387438707905175,0.179086895307237,6.23597368735189,605.534973294969
"592",-0.727481398139422,0.789292276114407,0.170582237856848,2.80716078315021,503.387779468018
"593",0.2827193578782,0.038356027011678,0.0576616715054627,1.14114492087169,388.254719379287
"594",-0.455928005018769,0.717890060745789,0.181271864950491,1.90426729032077,453.857181975698
"595",0.576821163590333,-0.437930258325597,0.173784271865491,2.32364084788136,479.204725834253
"596",-0.185525236288043,0.308616203678483,0.000270340358487998,2.93751277937559,509.193552575195
"597",0.4822966763981,-0.0901584848840995,-0.000533918728261112,0.726485229873811,330.531520571424
"598",0.49776282773828,-0.124875370195711,0.0713724675430464,0.561950252445773,297.648573410373
"599",0.237662233176133,0.11091437132749,0.00776192270748767,0.739135112319788,332.679679915853
"600",-0.473083514722176,0.621498410505855,0.0653935022171413,4.20610908724889,555.170331303316
"601",0.827700858425574,-0.999999175651888,-0.250102257304077,0.508706455585607,287.305055309921
"602",0.910094778917731,-0.999999159180052,-0.233726814703965,0.359996906409648,242.425138720012
"603",0.466168094779537,-0.0892836742392889,-0.00825776425820079,0.837171954099008,348.667364745057
"604",-0.197087274711944,0.475591433526626,0.000849056232708882,3.1773174881082,519.320237361047
"605",-0.613496237151941,0.8962569601123,0.0796867432839118,1.81885621126197,448.320685579608
"606",0.371423853062972,-0.053746070118288,0.0811013042186029,0.867055075973628,353.099721110225
"607",0.143965273169861,-0.0428434223800957,-0.30500132184007,11.9292675583061,688.570010840882
"608",0.117421595190367,-0.100936245943389,-0.0078239153947381,2.99128887325255,511.498700408038
"609",0.171441325868452,0.040722397215144,-0.0311284105487955,1.96876023703556,458.001386398051
"610",0.764542104702525,-0.99999198147902,0.0921954701392765,5.26443463742307,586.746693020993
"611",-0.506774528565301,0.587226634848885,0.0922154079256164,4.74653986813139,570.610705833383
"612",0.83496326054919,-0.999999263227814,0.126908058069999,5.56129569523821,593.40126809346
"613",-0.43674730665203,0.480207806240025,0.108445864780203,5.11663587995404,580.210931028691
"614",0.117752548094065,0.123942356262093,-0.000225493307804521,2.38756817247498,482.701930617465
"615",0.196727496165775,0.0631196554967092,-0.0310949773880023,2.97420772415752,510.833553503791
"616",-0.00277220978016187,0.1611486367316,0.100108246575132,2.72510625844015,499.594640462198
"617",-0.557844127994577,0.746678133656979,0.0881197541037997,4.24557936706503,556.431329972525
"618",0.302592476541721,-0.0559239043395346,0.0776796510259276,1.74970289819267,442.922379948851
"619",0.317139055331372,-0.287234211165691,0.101820784152586,2.47936667676273,487.473751505021
"620",-0.789374005659507,0.890927578464451,-0.0616239289456001,1.36457347689133,411.16061046301
"621",-0.193040034342743,0.387414639453019,0.00134143654920798,2.61470896665959,494.320962448879
"622",-0.125724639602322,0.418339403594245,-0.00726299093612581,2.56260453968931,491.799610302374
"623",0.00888164300190948,0.241382000387761,0.0694637372818209,1.73671291746269,441.967915613029
"624",0.354248732681325,0.0186242222032639,0.0584279838206569,0.865758898185584,352.944808651983
"625",0.451599043484741,0.0508107993768067,0.0991185797747038,1.08453550331445,381.911734873426
"626",0.553532516950239,-0.0930370328090819,0.0854142396095874,0.818575989294085,345.892872489334
"627",-0.0698283734976217,0.500302711961962,0.0415986714573358,0.268740690913243,203.277050662036
"628",0.31337149277057,0.19573012768086,0.0657788110148693,0.324553475417704,227.4707144683
"629",-0.6939106028888,0.658556422981582,0.102019322677105,6.04510502895925,601.556366246052
"630",-0.377077902404123,0.427328193131886,0.0773039169953415,5.83591429787605,597.047820318455
"631",-0.150685583382473,0.386892481312419,0.0904053755769134,3.34548655846698,525.887600662912
"632",-0.288726936617954,0.602734592018279,-0.0202321644413271,12.0039240712853,689.514265726628
"633",-0.122520847517669,0.250492459332816,-0.170444285467162,2.62936432506333,495.008839176722
"634",0.503052374866523,-0.277194710537529,0.179623979687057,12.7505247356962,697.152905224439
"635",-0.414092232342656,0.381875284389117,0.0785177790938696,3.23977252694856,521.714129353164
"636",0.238572109365865,-0.192588002575489,0.0789577196847919,2.37913300526739,482.192815952977
"637",-0.674321374031673,0.57879243728859,0.0793642764724842,4.94153491682346,575.775646754306
"638",0.795966872496396,-0.999999797855323,0.0578860241210419,5.31688972864846,587.865486577419
"639",-0.0373099845428621,0.129168634099436,0.101305422111432,5.86900401051532,597.776493885101
"640",-0.690276537766121,0.550222288145205,0.102763391387909,6.93505529164112,619.184002253833
"641",-0.0477257681231257,0.094834682288342,0.0630194456554231,1.9760727886008,458.432770165596
"642",0.176014139015784,-0.0762813885296449,0.0786277204141469,2.70013664806916,498.401241184439
"643",-0.051068562292292,0.340507434487945,-0.0508304306754946,11.3197496802545,681.937294686292
"644",0.126842228734853,0.0931903852157101,-0.169105164750024,4.03497534371224,549.856733441971
"645",-0.57486576394978,0.714028507877051,0.0676784574531751,2.20661248257445,472.612291646792
"646",0.339457967771745,-0.286663185671585,0.0638156958713731,2.65951095269161,496.453899434608
"647",-0.327793121850788,0.707708762914594,0.0767862769160874,2.42499386266875,484.915014179579
"648",0.192744868764674,0.129068746815434,0.073424074523054,1.94705298582231,456.640636013701
"649",-0.0656110423947914,0.297644034304066,-0.161584908792622,2.58932158266398,493.084575049444
"650",-0.292479259832172,0.449719758330835,-0.163025649636908,2.82522241852178,504.220742885601
"651",0.755355592184947,-0.999999404395287,-0.0428928324025488,3.27554534410554,526.054138174646
"652",0.74920037153117,-0.999999589831386,-0.0547102554746883,2.78075608433759,505.119564647107
"653",0.323975754081183,-0.139043657132327,-0.0385698836662605,0.983680220291429,369.180323317593
"654",-0.0296257389354762,0.113586597061294,-0.0321909958768819,4.56016808523852,565.477400821337
"655",0.170567922884943,0.0159341372433912,-0.163502465490143,0.343408165449009,234.472521055653
"656",-0.181895548675506,0.436193449638711,-0.163804641637254,0.289361412718647,212.597538023262
"657",0.252700774741261,-0.0884356035038954,-0.516105055372902,4.70586521353522,569.524536390081
"658",-0.046911274705478,0.260612748010915,-0.50778485891301,4.56890937152925,565.763340546185
"659",0.369342318152998,0.208407589926913,-0.100582469842191,0.458087606395434,271.658702636238
"660",0.321608418936204,-0.018844639369821,-0.131942982606234,0.939358779538661,363.338246128108
"661",-0.10695658016354,0.268119348444718,-0.099498399766771,10.3926659453936,670.937026348671
"662",-0.787541746197545,0.917104751004582,-0.110637122863495,11.4297681933658,683.329980256484
"663",0.190038301046725,0.0797910224424431,-0.100540803178698,17.3820511928248,736.817614404216
"664",0.135330383283382,0.224158146417727,-0.119803347004818,14.1842413079563,710.85091297653
"665",-0.131083705181516,0.516451870635604,-0.123664570021241,1.23281073037908,398.225608776136
"666",-0.209647571529646,0.367070525314143,-0.150407867897889,1.87468945408398,451.718489067169
"667",0.367601111120237,0.0491173700986161,-0.0389173544905414,0.84848855025387,350.401413609158
"668",-0.332650350726005,0.498552679453852,-0.00629016723700136,4.58255609683524,566.137512489271
"669",-0.164812571591496,0.481656215852604,-0.141444082482729,2.20263595003548,472.45015180333
"670",0.780384736942278,-0.999999494207258,-0.0732987177000239,4.79595723251496,574.743917271179
"671",-0.15407397118805,0.28128067116089,-0.0987027856152909,5.00819264493144,577.483716379602
"672",0.838150512860061,-0.999994364519757,-0.0829383815384132,5.02208730322168,580.326977541437
"673",-0.306891593167064,0.486043566841239,-0.0147200059861736,2.65424500669548,496.242124412518
"674",0.259612260739216,-0.115749278973637,-0.0321514517139518,3.52891257962151,532.677199767193
"675",-0.0122821655047445,0.101445568162181,-0.148980422325929,3.31839560791906,524.789887574778
"676",-0.625133042078888,0.801258750542474,-0.149856362860512,4.02704074779284,549.689324360392
"677",-0.414320532242948,0.587527579706807,-0.0866110272587265,15.4479345964037,721.698939325511
"678",-0.612160659356432,0.759211865000308,-0.161013398772056,11.7714425022068,686.933334845365
"679",-0.0523826857582023,-0.284824113316388,-0.0891962983591365,0.386445282236823,249.667317286004
"680",0.116675873113104,-0.369778202181496,-0.0840601907027371,0.367053705289902,243.033171227113
"681",0.886304795975014,-0.627483112240638,-2.9092560810549,24.0490460358168,778.716021209657
"682",0.591146499056777,-0.140540210164944,0.229553689069709,0.231007899522704,183.965855874688
"683",-0.810906835088971,0.913890302076384,0.216643829415102,3.38082565697519,527.33983049645
"684",0.222598377130349,0.258655543315264,0.186393863036678,0.322525875966278,226.639085084494
"685",0.71929344229045,-0.999999968670872,0.23131634935243,3.38532534296845,530.424274836227
"686",0.250154680903994,0.0142403538779097,0.209757411720599,1.15691500887922,389.977094655632
"687",0.509643708072932,-0.18934315155815,0.208310612708316,0.282818086670226,209.724792119555
"688",-0.718151438327045,0.892492536537069,0.244612708274605,3.06688019493478,514.961728050339
"689",0.69050546425577,-0.383224716054613,0.183981041179415,0.273549843204094,205.517409077293
"690",0.363035334678831,-0.228692380344224,0.224142548451575,5.23659597772464,583.195935412551
"691",-0.757475383225196,0.876260394809524,0.794981033208518,2.23303168790482,474.211659394396
"692",0.135227779937848,0.0897758015614458,0.0932442820718352,1.63971548182414,434.59785756266
"693",-0.444785031055147,0.494595669701607,0.0855778983581803,5.71693839402107,594.411828079371
"694",-0.205801875612318,0.377122285096863,0.109052558266637,1.38250157512,412.741879394862
"695",-0.361307020016402,0.62268386428595,0.0933299420302725,1.23631514678357,398.52232636642
"696",0.363458258287973,0.0427112546427544,0.0852473545204952,9.4395316528058,658.770595218416
"697",0.574162709019733,-0.0506430885164327,0.107167804135928,0.289069155141161,212.732355927574
"698",-0.133084380901022,0.283539573162256,0.100088349736289,1.2498006201091,399.814971678263
"699",-0.00858840357228485,0.56343549476197,0.0908297809925399,0.470001562587672,274.97810501279
"700",-0.0622583917027361,0.444441785397761,0.088898459822976,1.51549245906417,424.63086308075
"701",-0.348001022546924,0.732214570901928,0.115332037472494,1.42329379444221,416.737927819869
"702",-0.646365014955911,0.968362896249747,0.0972632225863493,1.82601415808225,449.672008977602
"703",0.745089558706909,-0.373137744275995,-1.22608080861596,9.44678064796176,659.002986523426
"704",0.0468794782136469,0.086479115964112,0.0233739952002174,12.3769945785808,693.293515759673
"705",-0.402638001154196,0.675835774407741,-0.153901984838007,16.045715582678,726.656664000645
"706",0.608053827759781,-0.337189872522145,-0.330218811298431,1.92168276581926,454.981425322632
"707",0.0895512451751189,0.4867386261919,-0.0673369634337899,0.317557861483514,224.783840830871
"708",0.694374944985954,-0.999999823924295,-0.0680400489018707,4.02091644450229,552.543223106554
"709",-0.661004513256207,0.557303438820092,-0.196090363689224,0.935856211844244,362.790030872867
"710",0.673819732336473,-0.60125660822477,-0.284833124146407,3.25169265371365,522.197742920609
"711",-0.0284970461818701,0.325000933647514,0.038832298549199,0.206579848550231,169.477360287797
"712",0.204546581894972,-0.110588603606516,0.0379480837602496,0.98157007215762,368.876508948619
"713",0.751070721360283,-0.46402912921219,-0.435176179824117,6.26151431738374,606.270117134147
"714",0.788449854382423,-0.626232024845512,0.048314115400059,0.507928077783371,284.647429609633
"715",0.860967871642739,-0.999999857806672,-0.0853242275283828,3.20552557794278,522.709723347481
"716",0.16126442272209,0.138770905086833,-0.105089103028096,0.986999594405553,369.663360953273
"717",0.0342051409476481,0.0666547653050477,-0.0829825680623603,3.04339922271958,513.719249796122
"718",0.332783342522154,-0.0420438472246896,-0.515392613458579,2.57885728788539,492.599561936991
"719",0.523257638264479,-0.100796131342652,-0.456851096373305,1.62296680028455,433.454782425467
"720",0.664399339494624,-0.478254317273543,-0.538293285085817,2.53439278923779,490.359744914643
"721",0.746229295818867,-0.528618093010662,-0.481939877384402,1.79778865413946,446.465894250675
"722",0.732021018525943,-0.560441733761758,-0.48234485756623,2.22469587353333,473.688096010769
"723",0.541038680123,-0.291935248936561,-0.725528909862885,1.57138248372547,429.190189724151
"724",0.773607522940342,-0.638650036397329,-0.751275052708633,1.68512465441158,438.117538693747
"725",-0.652205696901767,0.579546062385536,-0.0313100365838671,3.96165412455544,547.474694449207
"726",-0.663311876946399,0.854624884533956,-0.111599652105679,7.61674124883966,631.349936856861
"727",0.963789137210321,-0.82339464796263,-1.26298955349693,4.3686716507109,560.600000355314
"728",0.851619138299435,-0.999996483049743,0.295909675032131,3.71250746866211,541.567399798337
"729",0.649673341109878,-0.574985485069743,0.966083404876209,3.54340364211713,533.193812466735
"730",-0.111442070413595,0.423606489699134,0.179601442506948,2.78977502471147,502.68481880226
"731",-0.691544706925349,0.83582127102247,0.182546593666451,2.38121130155655,482.426563115807
"732",0.53642427362786,-0.398386589540456,0.177510440161011,2.04472150581688,462.833053201832
"733",0.748998236241677,-0.594482198942639,-0.448237691985172,2.91231525397194,508.154417793959
"734",0.812716767196375,-0.567974472742931,-0.419287190466465,3.95011677751008,547.319119353228
"735",0.790708011199154,-0.468771869003638,-0.398983249257337,3.3278393096168,525.44901730495
"736",0.784449606577555,-0.412089862909497,-0.444617828681453,2.82733621562216,504.643758373412
"737",0.582938175072655,-0.365946930054345,0.0407631587831479,4.45574965781705,562.584399552644
"738",-0.0977517945346452,0.0135121500338742,0.00539660463723445,1.21854448852588,396.555514386428
"739",-0.379789365852683,0.463598121277813,0.493153337767534,4.38560667064613,560.484644853833
"740",0.874015097339757,-0.999997916872235,0.440849819575404,4.97609866483977,578.905002456247
"741",-0.0134275203467981,-0.0133469899264678,0.0547023677870931,3.58033846401244,534.50752076219
"742",0.899393575931871,-0.999995857373297,0.031840571528868,4.34506352590305,561.336441150792
"743",0.926839906843624,-0.67031487984986,0.393633131325706,3.22908566846621,521.903680694376
"744",0.777845230091748,-0.999999505187112,0.119250368093893,3.34152378261284,528.503739516363
"745",0.657662047536126,-0.479138513613376,0.603706818749626,2.16919064024395,470.435954340561
"746",0.55627450063751,-0.414855183143525,0.598096667402453,2.55779666692976,491.49336329142
"747",-0.467200104212717,0.564168272492469,0.397187276016854,4.65173136899198,568.032409300914
"748",0.818021277891585,-0.999999686400073,0.370843194956533,3.04136369001305,516.248961138731
"749",0.828388743274478,-0.999999489397663,-0.112909500327241,2.80596782634713,505.878033937648
"750",-0.202463019848409,0.344180990561938,-0.218422490766792,3.36493811964144,526.588168781029
"751",0.847124138899239,-0.999997665605331,-0.184710912532329,2.64519388779144,498.209717225306
"752",0.815275329718214,-0.999997427611207,0.410630469515276,3.40073802639072,530.559844751662
"753",-0.170661330936265,0.288767850269192,0.374970543964312,1.63247544800737,433.996303040579
"754",-0.330224712189649,0.474689673270959,-0.217578694060664,3.78405887888534,541.620097441848
"755",0.63232027258639,-0.186807159784781,0.369854422558655,0.501588423464182,283.226075146671
"756",-0.470444207340634,0.551749474943859,0.388657763996051,3.90828608883521,545.737059526895
"757",-0.0395444016963696,-0.0402880982503448,-0.211822737848926,3.09958665766433,516.057039830158
"758",-0.665452502744058,0.747435290031908,-0.250575617047847,3.70484087604795,538.909189873963
"759",0.807650888535456,-0.999991210847749,-0.186862233815258,3.1095012941911,519.140730180482
"760",-0.698470925515293,0.808726217524662,0.373873731844318,3.11185705729099,516.622740711157
"761",0.456946626293957,-0.634152677763362,-0.0665736473728528,0.904126589892876,358.411945536358
"762",0.158075975082105,-0.228629903614062,-1.00226218741067,2.62728170173172,494.89520355142
"763",0.44234323876805,-0.486549586599556,-1.00208967673898,2.54072095334374,490.60477130894
"764",0.731320495086139,-0.531045609985524,0.131417575043046,2.09689042126107,466.139980770688
"765",0.317495611684029,-0.0513308376814704,-0.550621169073618,15.3601771641621,720.991910836383
"766",0.101305996931615,0.151201620499322,0.0232198558822378,2.83723979201741,504.794565194153
"767",0.843098723964524,-0.581384455191869,-0.0320356960422702,2.99033589147704,511.763494178399
"768",0.816146905171942,-0.679881519668089,-0.47767401405425,2.71292658820108,499.094249967071
"769",0.694355462999388,-0.458181052406384,-0.613540612288994,2.07470745014604,464.79304475251
"770",0.785171475068181,-0.61987297440965,-0.550867848469192,2.23762452186908,474.450849170672
"771",-0.576546038586972,0.743322041364526,-0.130157503564322,3.93362503012746,546.641148957489
"772",0.435911417064448,-0.720546321655578,0.506616260234872,6.08430486950699,602.568452958668
"773",0.711460235350829,-0.999999866931263,0.00402662130010719,3.38987327088003,530.626751078086
"774",-0.981182170722352,0.938170201642652,-0.117597576351871,0.477315182696074,276.928735367305
"775",-0.323771435235006,0.40809957783684,-0.0381416171761667,0.502529684120669,283.180878066337
"776",0.381446258584346,0.0392412517167683,0.0928493389792418,0.199236796708537,164.939323572009
"777",0.368500350764678,0.00669471896531038,0.0929080305327602,0.139907798300472,119.652407560439
"778",-0.226969255349536,0.412536677425054,0.109916912188583,0.967978131868933,367.125225669864
"779",0.775571854183697,-0.89842200009532,0.111514046083642,1.0789658142081,381.155966633829
"780",0.588767795197804,-0.347340602472339,0.0841649023307791,0.315420126289888,223.652120155037
"781",0.414681514273015,-0.212916613116517,0.0930713212154175,0.140440763312079,120.038385072613
"782",-0.376655379772381,0.538059717140715,0.024342629047869,0.765018016655162,337.004550897206
"783",0.725219390454111,-0.939925871052149,0.0943860649760908,1.78095239507409,445.729974641451
"784",-0.0865060151681254,0.431778623733732,0.0927194914410494,0.465772216918584,273.586472021229
"785",0.58872829087704,-0.829646039161033,-0.0149011966300729,2.48497198711632,488.012478136814
"786",-0.255498730440227,0.278643694670936,-0.101344432364934,3.05822657022532,514.331790706557
"787",-0.0467602999468823,0.201426841553973,0.0741324066232123,5.75577717609947,595.299067213145
"788",0.815392524334717,-0.633235021532387,-0.644200921010345,4.85104813673757,573.538165012671
"789",-0.430939407410737,0.648034341263794,-0.692065158132422,6.19341634037403,604.749693110965
"790",-0.807490073942759,0.906636758178357,-0.141158067795549,3.89756889236007,545.5207489692
"791",0.393456562216829,-0.139813796194737,-0.170535826038291,0.364152455811356,242.019653226132
"792",0.198676133183367,-0.0972693341826396,-0.194879784505244,0.681005168010463,322.083285541767
"793",0.150791570856336,0.135641842852278,-0.10886676329528,0.0897675042091119,62.7822033059444
"794",-0.293115820983953,0.490000883338369,-0.109324333417499,0.168222698160727,143.146845405433
"795",0.759130178792178,-0.999999365719281,-0.192159610228573,2.7418761334627,503.273611684639
"796",0.00204611588176839,0.0280696482156719,-0.109338498609023,0.378315048602195,246.829591787587
"797",0.19738923131584,-0.0996672486495902,-0.116935213113156,0.334454574959031,231.065712231103
"798",-0.887188599905153,0.973218031694738,-0.0695646184182486,2.54980277415988,491.563438102982
"799",0.0340110215405905,0.0339413790500172,0.265829315781985,4.34656354986658,559.33423170913
"800",0.229379989826744,-0.109076182849838,-0.606119066615574,4.66952124923275,568.518845370024
"801",0.405894625234214,-0.47553117352587,0.639677426449448,3.11844852911716,516.834697039674
"802",0.550739775419796,-0.640348481440274,0.645629858586911,4.16482034303871,553.881774446593
"803",-0.657840555422005,0.901930536963231,0.011078361968603,0.363463326906435,242.149107554082
"804",-0.230264066984963,0.668847630592658,-0.0712229442852131,3.06213880288053,514.807831816212
"805",0.826597778280707,-0.517872228129104,-0.620685853804166,4.47719878934394,563.464393277417
"806",0.844231385995958,-0.551849707465242,-0.906989749759882,5.74308901632545,595.348106343525
"807",0.761276629558107,-0.39119072170771,0.001272098072864,2.66495962183093,497.03785922156
"808",0.722728927556309,-0.529702866196796,0.000605211046682655,4.71559352386426,569.863177813283
"809",0.77652746628472,-0.99999964837701,-0.0463450433737847,2.2397508670624,477.302050567963
"810",0.832663398416179,-0.506343907564561,0.122359290632559,6.45571587590515,610.347082899088
"811",-0.314090067265765,0.433859019919205,-0.0316417920836685,0.583342354723838,302.278107168125
"812",0.158083388810403,-0.0655832761936747,-0.0233413730320512,0.905439019433996,358.542114756497
"813",-0.367349238638371,0.47488557901167,-0.108594047637005,2.79383872067727,502.774694355572
"814",-0.589864749410149,0.829529333367952,-0.0836827095076851,0.617860441666214,309.865969948317
"815",-0.274254918419019,0.378718505803956,-0.0614559406504528,1.10797884623821,384.386746072087
"816",0.75794764203701,-0.999999206849838,-0.0641272241520783,2.62245397408266,497.578778745911
"817",0.651882875766009,-0.435193386104836,-0.092215272600297,9.55900770596301,660.302180952062
"818",0.585184108541269,-0.26185920453476,-0.040776087914408,8.14711820342877,639.906879360635
"819",-0.843167962045152,0.808162312598485,0.163602367317382,3.10771860741328,516.398189337116
"820",-0.839312289736617,0.964982885659344,-0.248019063555649,3.84845818604026,544.325003383754
"821",-0.609831062069723,0.713695051045384,-0.0142817292956262,6.14409198539167,603.665514926359
"822",0.736247168465092,-0.491685285934041,-0.320462758057268,5.66844122433963,593.476202331853
"823",0.275276828519632,-0.0639409910324133,0.489630802734427,5.853246228682,597.471188675516
"824",0.842082243396418,-0.632411437220211,-0.691691179463031,5.23045924280971,583.2487707522
"825",0.0751551893303353,0.0336828030779304,-0.085816730369553,0.710577677206274,327.525463200951
"826",-0.604249049334723,0.898536251675392,-0.0879370887549273,1.48219780558554,422.154996351463
"827",0.615890483864594,-0.444343928890832,0.268745254958327,1.2182271072213,396.572428730555
"828",0.667320814287686,-0.909191394579837,-0.0521319198557381,2.35810535876036,481.529351499445
"829",0.641138654877158,-0.870759547442924,-0.0525575869279243,1.5082806741748,424.167490274236
"830",0.715653495961865,-0.883143083185803,-0.0495172336359004,1.84689707559168,450.009310186656
"831",0.234718472878991,-0.192047202198611,-0.554663877933087,5.89172087805014,598.264423224331
"832",-0.583528395925007,0.691225827261406,-0.0299191736362291,6.95331593595642,619.501376946377
"833",0.471879390689481,-0.568580397209999,0.0141625529676656,4.12135005293175,552.53702642821
